{
    "class_names": [
        "classif_0",
        "classif_1",
        "classif_2",
        "classif_3",
        "classif_4",
        "classif_5",
        "classif_6",
        "classif_7",
        "classif_8",
        "classif_9"
    ],
    "commit": "c05410f",
    "compilation_date": "2023-02-28T13:51:14.554138",
    "compilation_flags": {
        "float_abi": "soft",
        "fshort_enums": false,
        "short_wchar": false
    },
    "compilation_str": "{'compilation_dict':{'api':{'env':'PROD','version':'v3'},'version':{'web_api':{'env':'PROD','version':'v3'},'local_api':{'version':'2022.10.17.0','platform':'win64'},'studio':null},'combination':[0,693,784,5,0,2,5,0,5,2,1,10,0,10,0.0,0.0,1000000.0,0,0,0,0,0],'compilation_type':'classifier','compilation_flags':{},'mcu':'cortex-m4_st_stm32f4_nucleo-f401re','sensor':'','data':{'nb_cols':784,'nb_lines':[[500,500,500,500,500,500,500,500,500,500]]},'only_emulators':true,'lock_type':100,'lib_version':'v2_c05410f','class_names':'classif_0,classif_1,classif_2,classif_3,classif_4,classif_5,classif_6,classif_7,classif_8,classif_9'},'sign':21382,'license_key':'***'}",
    "compilation_type": "classifier",
    "compile_emulators": true,
    "compile_library": false,
    "data": {
        "nb_cols": 784,
        "nb_lines": [
            [
                500,
                500,
                500,
                500,
                500,
                500,
                500,
                500,
                500,
                500
            ]
        ]
    },
    "gcc_version": "arm-none-eabi-gcc (GNU Tools for Arm Embedded Processors 9-2019-q4-major) 9.2.1 20191025 (release) [ARM/arm-9-branch revision 277599]",
    "learning_min_lines": null,
    "lib_limited": true,
    "library_id": "63fe06d3e44e0df7d27cfdfe",
    "library_md5sum": null,
    "mcu": "cortex-m4_st_stm32f4_nucleo-f401re",
    "mcu_cpn": "NUCLEO-F401RE",
    "mcu_family": "STM32F4",
    "mcu_type": "cortex-m4",
    "performance": {},
    "sensor": "",
    "studio_info": {
        "local_api": {
            "platform": "win64",
            "version": "2022.10.17.0"
        },
        "studio": null,
        "web_api": {
            "env": "PROD",
            "version": "v3"
        }
    },
    "user_info": {
        "company": "",
        "email": "julian.ettarian@st.com",
        "first_name": "",
        "last_name": ""
    }
}